seller_id_pref,geolocation_id_pref
SEL001,GEO4811
SEL002,GEO5210
SEL003,GEO6355
SEL004,GEO1834
SEL005,GEO4773
SEL006,GEO6426
SEL007,GEO11427
SEL008,GEO5751
SEL009,GEO273
SEL010,GEO16241
SEL011,GEO15111
SEL012,GEO5111
SEL013,GEO114
SEL014,GEO2671
SEL015,GEO17462
SEL016,GEO10219
SEL017,GEO17479
SEL018,GEO14284
SEL019,GEO10594
SEL020,GEO2540
SEL021,GEO4412
SEL022,GEO5458
SEL023,GEO1802
SEL024,GEO4989
SEL025,GEO18857
SEL026,GEO8108
SEL027,GEO17013
SEL028,GEO4305
SEL029,GEO2343
SEL030,GEO6136
SEL031,GEO16233
SEL032,GEO483
SEL033,GEO17418
SEL034,GEO1371
SEL035,GEO9373
SEL036,GEO5932
SEL037,GEO3569
SEL038,GEO16398
SEL039,GEO1290
SEL040,GEO1779
SEL041,GEO14514
SEL042,GEO14258
SEL043,GEO17470
SEL044,GEO17299
SEL045,GEO5045
SEL046,GEO17946
SEL047,GEO9360
SEL048,GEO8250
SEL049,GEO8204
SEL050,GEO4097
SEL051,GEO2216
SEL052,GEO3102
SEL053,GEO4952
SEL054,GEO17650
SEL055,GEO4418
SEL056,GEO7731
SEL057,GEO17401
SEL058,GEO7106
SEL059,GEO18367
SEL060,GEO16532
SEL061,GEO3283
SEL062,GEO4066
SEL063,GEO5123
SEL064,GEO3079
SEL065,GEO5463
SEL066,GEO2936
SEL067,GEO16389
SEL068,GEO1493
SEL069,GEO3221
SEL070,GEO3119
SEL071,GEO18292
SEL072,GEO1378
SEL073,GEO17643
SEL074,GEO9558
SEL075,GEO8293
SEL076,GEO17687
SEL077,GEO5463
SEL078,GEO4259
SEL079,GEO17419
SEL080,GEO18417
SEL081,GEO5651
SEL082,GEO4133
SEL083,GEO2235
SEL084,GEO5448
SEL085,GEO6320
SEL086,GEO3341
SEL087,GEO17616
SEL088,GEO1900
SEL089,GEO5983
SEL090,GEO6472
SEL091,GEO5442
SEL092,GEO6618
SEL093,GEO065
SEL094,GEO6941
SEL095,GEO2970
SEL096,GEO5525
SEL097,GEO4088
SEL098,GEO5729
SEL099,GEO1378
SEL100,GEO8226
SEL101,GEO6423
SEL102,GEO6361
SEL103,GEO5463
SEL104,GEO4671
SEL105,GEO211
SEL106,GEO6309
SEL107,GEO5201
SEL108,GEO5424
SEL109,GEO7556
SEL110,GEO4989
SEL111,GEO5101
SEL112,GEO16887
SEL113,GEO2507
SEL114,GEO5267
SEL115,GEO6465
SEL116,GEO9275
SEL117,GEO1874
SEL118,GEO5535
SEL119,GEO5463
SEL120,GEO1330
SEL121,GEO14358
SEL122,GEO3242
SEL123,GEO044
SEL124,GEO17512
SEL125,GEO14238
SEL126,GEO519
SEL127,GEO303
SEL128,GEO15768
SEL129,GEO5130
SEL130,GEO040
SEL131,GEO1191
SEL132,GEO6381
SEL133,GEO16795
SEL134,GEO6738
SEL135,GEO4374
SEL136,GEO1265
SEL137,GEO15407
SEL138,GEO16273
SEL139,GEO3814
SEL140,GEO18496
SEL141,GEO2197
SEL142,GEO5269
SEL143,GEO9056
SEL144,GEO18290
SEL145,GEO11357
SEL146,GEO16228
SEL147,GEO5351
SEL148,GEO16265
SEL149,GEO9956
SEL150,GEO4338
SEL151,GEO3930
SEL152,GEO6172
SEL153,GEO3494
SEL154,GEO3170
SEL155,GEO15394
SEL156,GEO17349
SEL157,GEO1159
SEL158,GEO289
SEL159,GEO026
SEL160,GEO16255
SEL161,GEO17253
SEL162,GEO1083
SEL163,GEO6281
SEL164,GEO799
SEL165,GEO17081
SEL166,GEO099
SEL167,GEO197
SEL168,GEO8071
SEL169,GEO3874
SEL170,GEO285
SEL171,GEO5088
SEL172,GEO4363
SEL173,GEO3225
SEL174,GEO519
SEL175,GEO8746
SEL176,GEO5300
SEL177,GEO6854
SEL178,GEO5945
SEL179,GEO3185
SEL180,GEO3063
SEL181,GEO6878
SEL182,GEO15964
SEL183,GEO17366
SEL184,GEO1667
SEL185,GEO17600
SEL186,GEO5295
SEL187,GEO2709
SEL188,GEO18977
SEL189,GEO12504
SEL190,GEO3570
SEL191,GEO3467
SEL192,GEO3886
SEL193,GEO5783
SEL194,GEO17664
SEL195,GEO8097
SEL196,GEO5829
SEL197,GEO4642
SEL198,GEO4977
SEL199,GEO16685
SEL200,GEO1363
SEL201,GEO17749
SEL202,GEO17289
SEL203,GEO3413
SEL204,GEO11940
SEL205,GEO3871
SEL206,GEO8702
SEL207,GEO17169
SEL208,GEO5868
SEL209,GEO3308
SEL210,GEO14908
SEL211,GEO2311
SEL212,GEO6545
SEL213,GEO026
SEL214,GEO1177
SEL215,GEO18289
SEL216,GEO4222
SEL217,GEO11990
SEL218,GEO18142
SEL219,GEO7506
SEL220,GEO17680
SEL221,GEO437
SEL222,GEO2777
SEL223,GEO6670
SEL224,GEO3761
SEL225,GEO2920
SEL226,GEO17273
SEL227,GEO5995
SEL228,GEO364
SEL229,GEO5295
SEL230,GEO5989
SEL231,GEO4118
SEL232,GEO5813
SEL233,GEO5825
SEL234,GEO8127
SEL235,GEO4995
SEL236,GEO14824
SEL237,GEO8642
SEL238,GEO5559
SEL239,GEO6474
SEL240,GEO5357
SEL241,GEO5771
SEL242,GEO650
SEL243,GEO5281
SEL244,GEO17470
SEL245,GEO9045
SEL246,GEO4266
SEL247,GEO1255
SEL248,GEO5463
SEL249,GEO17090
SEL250,GEO5496
SEL251,GEO4843
SEL252,GEO6444
SEL253,GEO5166
SEL254,GEO18402
SEL255,GEO4059
SEL256,GEO17551
SEL257,GEO4062
SEL258,GEO4092
SEL259,GEO1624
SEL260,GEO1069
SEL261,GEO1199
SEL262,GEO17577
SEL263,GEO4027
SEL264,GEO4356
SEL265,GEO3145
SEL266,GEO5531
SEL267,GEO8746
SEL268,GEO14778
SEL269,GEO6136
SEL270,GEO5989
SEL271,GEO066
SEL272,GEO5085
SEL273,GEO156
SEL274,GEO757
SEL275,GEO6427
SEL276,GEO16935
SEL277,GEO5463
SEL278,GEO17037
SEL279,GEO5483
SEL280,GEO6599
SEL281,GEO17090
SEL282,GEO1748
SEL283,GEO3468
SEL284,GEO5749
SEL285,GEO6820
SEL286,GEO17640
SEL287,GEO16459
SEL288,GEO4420
SEL289,GEO7387
SEL290,GEO16874
SEL291,GEO332
SEL292,GEO17288
SEL293,GEO8120
SEL294,GEO790
SEL295,GEO16773
SEL296,GEO16523
SEL297,GEO2073
SEL298,GEO3374
SEL299,GEO294
SEL300,GEO6668
SEL301,GEO16267
SEL302,GEO2225
SEL303,GEO4603
SEL304,GEO3490
SEL305,GEO1242
SEL306,GEO16836
SEL307,GEO16356
SEL308,GEO5504
SEL309,GEO3849
SEL310,GEO5821
SEL311,GEO4364
SEL312,GEO16866
SEL313,GEO16222
SEL314,GEO3994
SEL315,GEO17957
SEL316,GEO4608
SEL317,GEO3129
SEL318,GEO4913
SEL319,GEO16516
SEL320,GEO1360
SEL321,GEO3970
SEL322,GEO8428
SEL323,GEO16227
SEL324,GEO6406
SEL325,GEO17551
SEL326,GEO203
SEL327,GEO18832
SEL328,GEO5471
SEL329,GEO5379
SEL330,GEO2530
SEL331,GEO16266
SEL332,GEO5204
SEL333,GEO104
SEL334,GEO18695
SEL335,GEO16234
SEL336,GEO3331
SEL337,GEO5087
SEL338,GEO9271
SEL339,GEO5463
SEL340,GEO2304
SEL341,GEO15227
SEL342,GEO1175
SEL343,GEO18270
SEL344,GEO8133
SEL345,GEO17783
SEL346,GEO836
SEL347,GEO1484
SEL348,GEO14777
SEL349,GEO9332
SEL350,GEO16329
SEL351,GEO3132
SEL352,GEO16249
SEL353,GEO16238
SEL354,GEO5413
SEL355,GEO4998
SEL356,GEO7374
SEL357,GEO4128
SEL358,GEO5928
SEL359,GEO10408
SEL360,GEO5206
SEL361,GEO2112
SEL362,GEO1934
SEL363,GEO4505
SEL364,GEO5356
SEL365,GEO6668
SEL366,GEO17604
SEL367,GEO318
SEL368,GEO3074
SEL369,GEO17383
SEL370,GEO17485
SEL371,GEO2930
SEL372,GEO3263
SEL373,GEO3063
SEL374,GEO17658
SEL375,GEO474
SEL376,GEO3544
SEL377,GEO8169
SEL378,GEO5087
SEL379,GEO5651
SEL380,GEO17564
SEL381,GEO8184
SEL382,GEO5620
SEL383,GEO6382
SEL384,GEO16902
SEL385,GEO4789
SEL386,GEO14102
SEL387,GEO16894
SEL388,GEO7466
SEL389,GEO2867
SEL390,GEO1058
SEL391,GEO2284
SEL392,GEO5353
SEL393,GEO17080
SEL394,GEO4138
SEL395,GEO519
SEL396,GEO1980
SEL397,GEO283
SEL398,GEO5115
SEL399,GEO460
SEL400,GEO5491
SEL401,GEO16346
SEL402,GEO5913
SEL403,GEO973
SEL404,GEO4165
SEL405,GEO5308
SEL406,GEO10853
SEL407,GEO18001
SEL408,GEO16895
SEL409,GEO16778
SEL410,GEO4547
SEL411,GEO16773
SEL412,GEO173
SEL413,GEO4620
SEL414,GEO16277
SEL415,GEO7817
SEL416,GEO3523
SEL417,GEO17309
SEL418,GEO7128
SEL419,GEO5175
SEL420,GEO6036
SEL421,GEO9416
SEL422,GEO5463
SEL423,GEO16741
SEL424,GEO1547
SEL425,GEO9052
SEL426,GEO15394
SEL427,GEO17105
SEL428,GEO14873
SEL429,GEO6573
SEL430,GEO5283
SEL431,GEO17341
SEL432,GEO4872
SEL433,GEO7290
SEL434,GEO1206
SEL435,GEO5907
SEL436,GEO17501
SEL437,GEO1353
SEL438,GEO18468
SEL439,GEO1490
SEL440,GEO948
SEL441,GEO9332
SEL442,GEO4824
SEL443,GEO093
SEL444,GEO4092
SEL445,GEO17391
SEL446,GEO18861
SEL447,GEO1981
SEL448,GEO1264
SEL449,GEO4121
SEL450,GEO106
SEL451,GEO836
SEL452,GEO4091
SEL453,GEO6024
SEL454,GEO8746
SEL455,GEO18150
SEL456,GEO1457
SEL457,GEO063
SEL458,GEO5681
SEL459,GEO1001
SEL460,GEO5298
SEL461,GEO5601
SEL462,GEO17557
SEL463,GEO5896
SEL464,GEO16532
SEL465,GEO3496
SEL466,GEO8205
SEL467,GEO5249
SEL468,GEO17029
SEL469,GEO3475
SEL470,GEO17383
SEL471,GEO3908
SEL472,GEO1307
SEL473,GEO17094
SEL474,
SEL475,GEO5473
SEL476,GEO8729
SEL477,GEO5061
SEL478,GEO18030
SEL479,GEO4982
SEL480,GEO17653
SEL481,GEO5022
SEL482,GEO4212
SEL483,GEO3278
SEL484,GEO16290
SEL485,GEO16888
SEL486,GEO5355
SEL487,GEO8819
SEL488,GEO9234
SEL489,GEO16837
SEL490,GEO4031
SEL491,GEO4927
SEL492,GEO5904
SEL493,GEO12543
SEL494,GEO1180
SEL495,GEO5095
SEL496,GEO9545
SEL497,GEO15116
SEL498,GEO5304
SEL499,GEO5507
SEL500,GEO2129
SEL501,GEO17975
SEL502,GEO6413
SEL503,GEO125
SEL504,GEO3798
SEL505,GEO2284
SEL506,GEO16453
SEL507,GEO4328
SEL508,GEO5048
SEL509,GEO6353
SEL510,GEO6004
SEL511,GEO5067
SEL512,GEO5249
SEL513,GEO17008
SEL514,GEO7454
SEL515,GEO5166
SEL516,GEO17550
SEL517,GEO3380
SEL518,GEO6670
SEL519,GEO5721
SEL520,GEO16321
SEL521,GEO14800
SEL522,GEO5729
SEL523,GEO6002
SEL524,GEO9358
SEL525,GEO4849
SEL526,GEO17678
SEL527,GEO9591
SEL528,GEO4884
SEL529,GEO5304
SEL530,GEO5646
SEL531,GEO107
SEL532,GEO6878
SEL533,GEO2002
SEL534,GEO2800
SEL535,GEO6460
SEL536,GEO9386
SEL537,GEO6905
SEL538,GEO4889
SEL539,GEO4357
SEL540,GEO1843
SEL541,GEO8123
SEL542,GEO3258
SEL543,GEO6389
SEL544,GEO11834
SEL545,GEO5872
SEL546,GEO17675
SEL547,GEO112
SEL548,GEO17910
SEL549,GEO16403
SEL550,GEO8207
SEL551,GEO9043
SEL552,GEO18109
SEL553,GEO16544
SEL554,GEO16243
SEL555,GEO17654
SEL556,GEO17288
SEL557,GEO5531
SEL558,GEO4891
SEL559,GEO16402
SEL560,GEO4121
SEL561,GEO16868
SEL562,GEO370
SEL563,GEO4612
SEL564,GEO7914
SEL565,GEO5316
SEL566,GEO2514
SEL567,GEO16987
SEL568,GEO1977
SEL569,GEO6703
SEL570,GEO948
SEL571,GEO1710
SEL572,GEO9024
SEL573,GEO5483
SEL574,GEO2790
SEL575,GEO4788
SEL576,GEO3412
SEL577,GEO16406
SEL578,GEO5982
SEL579,GEO6142
SEL580,GEO5036
SEL581,GEO1154
SEL582,GEO5350
SEL583,GEO17418
SEL584,GEO17887
SEL585,GEO5934
SEL586,GEO1412
SEL587,GEO2596
SEL588,GEO5166
SEL589,GEO972
SEL590,GEO3611
SEL591,GEO291
SEL592,GEO4823
SEL593,GEO5770
SEL594,GEO18358
SEL595,GEO5945
SEL596,GEO4315
SEL597,GEO9386
SEL598,GEO7639
SEL599,GEO8729
SEL600,GEO021
SEL601,GEO5935
SEL602,GEO16253
SEL603,GEO5993
SEL604,GEO17466
SEL605,GEO17013
SEL606,GEO7282
SEL607,GEO3810
SEL608,GEO7782
SEL609,GEO5424
SEL610,GEO4086
SEL611,GEO17646
SEL612,GEO4858
SEL613,GEO6460
SEL614,GEO3554
SEL615,GEO8918
SEL616,GEO6716
SEL617,GEO9507
SEL618,GEO5465
SEL619,GEO6052
SEL620,GEO5667
SEL621,GEO17095
SEL622,GEO2308
SEL623,GEO7820
SEL624,GEO9004
SEL625,GEO17269
SEL626,GEO5115
SEL627,GEO4368
SEL628,GEO3955
SEL629,GEO12714
SEL630,GEO16460
SEL631,GEO5101
SEL632,GEO5463
SEL633,GEO18411
SEL634,GEO1697
SEL635,GEO4567
SEL636,GEO16273
SEL637,GEO17095
SEL638,GEO16878
SEL639,GEO136
SEL640,GEO9720
SEL641,GEO16373
SEL642,GEO2146
SEL643,GEO4255
SEL644,GEO4504
SEL645,GEO3526
SEL646,GEO18040
SEL647,GEO16356
SEL648,GEO9067
SEL649,GEO4862
SEL650,GEO2574
SEL651,GEO1024
SEL652,GEO6450
SEL653,GEO16343
SEL654,GEO15436
SEL655,GEO9939
SEL656,GEO5174
SEL657,GEO8309
SEL658,GEO16710
SEL659,GEO8995
SEL660,GEO5303
SEL661,GEO6235
SEL662,GEO4007
SEL663,GEO7397
SEL664,GEO4984
SEL665,GEO5250
SEL666,GEO5488
SEL667,GEO4175
SEL668,GEO206
SEL669,GEO131
SEL670,GEO5047
SEL671,GEO5201
SEL672,GEO1659
SEL673,GEO5824
SEL674,GEO5504
SEL675,GEO4176
SEL676,GEO17685
SEL677,GEO655
SEL678,GEO2743
SEL679,GEO16462
SEL680,GEO17576
SEL681,GEO8894
SEL682,GEO1800
SEL683,GEO7670
SEL684,GEO11980
SEL685,GEO5463
SEL686,GEO16372
SEL687,GEO1779
SEL688,GEO810
SEL689,GEO17674
SEL690,GEO3468
SEL691,GEO7785
SEL692,GEO6215
SEL693,GEO8381
SEL694,GEO156
SEL695,GEO2199
SEL696,GEO1586
SEL697,GEO16272
SEL698,GEO4142
SEL699,GEO16267
SEL700,GEO16603
SEL701,GEO16423
SEL702,GEO17992
SEL703,GEO2851
SEL704,GEO13004
SEL705,GEO1810
SEL706,GEO17981
SEL707,GEO5356
SEL708,GEO17865
SEL709,GEO6142
SEL710,GEO4786
SEL711,GEO4600
SEL712,GEO6038
SEL713,GEO17045
SEL714,GEO3754
SEL715,GEO5425
SEL716,GEO3517
SEL717,GEO5930
SEL718,GEO688
SEL719,GEO16631
SEL720,GEO6411
SEL721,GEO14250
SEL722,GEO4088
SEL723,GEO16800
SEL724,GEO4567
SEL725,GEO4274
SEL726,GEO5090
SEL727,GEO4901
SEL728,GEO437
SEL729,GEO3940
SEL730,GEO7663
SEL731,GEO6560
SEL732,GEO2037
SEL733,GEO1337
SEL734,GEO8061
SEL735,GEO9442
SEL736,GEO1452
SEL737,GEO8916
SEL738,GEO17301
SEL739,GEO2559
SEL740,GEO5729
SEL741,GEO8751
SEL742,GEO8509
SEL743,GEO6324
SEL744,GEO4283
SEL745,GEO8195
SEL746,GEO647
SEL747,GEO5582
SEL748,GEO6222
SEL749,GEO5203
SEL750,GEO4014
SEL751,GEO17516
SEL752,GEO16441
SEL753,GEO369
SEL754,GEO4174
SEL755,GEO1978
SEL756,GEO1175
SEL757,GEO16895
SEL758,GEO1847
SEL759,GEO5304
SEL760,GEO5274
SEL761,GEO5729
SEL762,GEO146
SEL763,GEO14860
SEL764,GEO026
SEL765,GEO7205
SEL766,GEO3518
SEL767,GEO17929
SEL768,GEO1176
SEL769,GEO776
SEL770,GEO5087
SEL771,GEO6670
SEL772,GEO16861
SEL773,GEO18938
SEL774,GEO9596
SEL775,GEO5109
SEL776,GEO17422
SEL777,GEO1768
SEL778,GEO4110
SEL779,GEO115
SEL780,GEO5166
SEL781,GEO3183
SEL782,GEO16752
SEL783,GEO8729
SEL784,GEO8069
SEL785,GEO16389
SEL786,GEO026
SEL787,GEO8811
SEL788,GEO4415
SEL789,GEO978
SEL790,GEO17293
SEL791,GEO1347
SEL792,
SEL793,GEO5191
SEL794,GEO17660
SEL795,GEO17740
SEL796,GEO14431
SEL797,GEO9275
SEL798,GEO3015
SEL799,GEO12480
SEL800,GEO189
SEL801,GEO745
SEL802,GEO4589
SEL803,GEO3994
SEL804,GEO691
SEL805,GEO1882
SEL806,GEO4861
SEL807,GEO4905
SEL808,GEO1806
SEL809,GEO8084
SEL810,GEO17086
SEL811,GEO6419
SEL812,GEO4785
SEL813,GEO17341
SEL814,GEO16833
SEL815,GEO5906
SEL816,GEO16381
SEL817,GEO8580
SEL818,GEO18285
SEL819,GEO17480
SEL820,GEO5249
SEL821,GEO593
SEL822,GEO4823
SEL823,GEO4787
SEL824,GEO8923
SEL825,GEO163
SEL826,GEO8973
SEL827,GEO2656
SEL828,GEO661
SEL829,GEO4178
SEL830,GEO5138
SEL831,GEO9225
SEL832,GEO2540
SEL833,GEO3479
SEL834,GEO4063
SEL835,GEO5983
SEL836,GEO4858
SEL837,GEO5876
SEL838,GEO5080
SEL839,GEO17385
SEL840,GEO17382
SEL841,GEO4169
SEL842,GEO9547
SEL843,GEO5408
SEL844,GEO8061
SEL845,GEO5350
SEL846,GEO1777
SEL847,GEO6625
SEL848,GEO1940
SEL849,GEO001
SEL850,GEO2912
SEL851,GEO16310
SEL852,GEO3532
SEL853,GEO6015
SEL854,GEO16264
SEL855,GEO16036
SEL856,GEO118
SEL857,GEO1172
SEL858,GEO1376
SEL859,GEO4099
SEL860,GEO5880
SEL861,GEO6285
SEL862,GEO17991
SEL863,GEO5463
SEL864,GEO1413
SEL865,GEO8184
SEL866,GEO5463
SEL867,GEO14823
SEL868,GEO376
SEL869,GEO5458
SEL870,GEO4263
SEL871,GEO16837
SEL872,GEO16315
SEL873,GEO17647
SEL874,GEO2562
SEL875,GEO10595
SEL876,GEO5088
SEL877,GEO12636
SEL878,GEO5250
SEL879,GEO1741
SEL880,GEO6726
SEL881,GEO14738
SEL882,GEO3453
SEL883,GEO1064
SEL884,GEO2322
SEL885,GEO6851
SEL886,GEO9350
SEL887,GEO16320
SEL888,GEO4502
SEL889,GEO16870
SEL890,GEO5121
SEL891,GEO9332
SEL892,GEO5659
SEL893,GEO4356
SEL894,GEO6411
SEL895,GEO3370
SEL896,GEO1359
SEL897,GEO8767
SEL898,GEO079
SEL899,GEO4370
SEL900,GEO18265
SEL901,GEO7539
SEL902,GEO10219
SEL903,GEO8181
SEL904,GEO5103
SEL905,GEO18459
SEL906,GEO16775
SEL907,GEO5269
SEL908,GEO18444
SEL909,GEO16051
SEL910,GEO5478
SEL911,GEO17393
SEL912,GEO8062
SEL913,GEO4216
SEL914,GEO3345
SEL915,GEO442
SEL916,GEO2045
SEL917,GEO4369
SEL918,GEO5088
SEL919,GEO3258
SEL920,GEO16266
SEL921,GEO4745
SEL922,GEO580
SEL923,GEO5463
SEL924,GEO4328
SEL925,GEO2461
SEL926,GEO17095
SEL927,GEO18661
SEL928,GEO14361
SEL929,GEO5988
SEL930,GEO5507
SEL931,GEO5520
SEL932,GEO3071
SEL933,GEO9147
SEL934,GEO164
SEL935,GEO642
SEL936,GEO18050
SEL937,GEO6654
SEL938,GEO4283
SEL939,GEO5501
SEL940,GEO7451
SEL941,GEO3535
SEL942,GEO1790
SEL943,GEO2626
SEL944,GEO2622
SEL945,GEO2316
SEL946,GEO4092
SEL947,GEO18335
SEL948,GEO122
SEL949,GEO12390
SEL950,GEO7109
SEL951,GEO116
SEL952,GEO4855
SEL953,GEO759
SEL954,GEO16302
SEL955,GEO5166
SEL956,GEO9184
SEL957,GEO8174
SEL958,GEO17959
SEL959,GEO14493
SEL960,GEO5281
SEL961,GEO6155
SEL962,GEO16288
SEL963,GEO3797
SEL964,GEO7892
SEL965,GEO4815
SEL966,GEO1442
SEL967,GEO9447
SEL968,GEO6224
SEL969,GEO031
SEL970,GEO1161
SEL971,GEO8586
SEL972,GEO1248
SEL973,GEO18253
SEL974,GEO2618
SEL975,GEO5463
SEL976,GEO1198
SEL977,GEO4110
SEL978,GEO6928
SEL979,GEO4286
SEL980,GEO5470
SEL981,GEO5304
SEL982,GEO6319
SEL983,GEO1742
SEL984,GEO5880
SEL985,GEO3464
SEL986,GEO9549
SEL987,GEO5088
SEL988,GEO1806
SEL989,GEO2210
SEL990,GEO973
SEL991,GEO5156
SEL992,GEO368
SEL993,GEO3818
SEL994,GEO5972
SEL995,GEO5972
SEL996,GEO2122
SEL997,GEO8242
SEL998,GEO5269
SEL999,GEO4815
SEL1000,GEO3587
SEL1001,GEO317
SEL1002,GEO14802
SEL1003,GEO5130
SEL1004,GEO090
SEL1005,GEO1223
SEL1006,GEO16773
SEL1007,GEO480
SEL1008,GEO8084
SEL1009,GEO6811
SEL1010,GEO6694
SEL1011,GEO17082
SEL1012,GEO3979
SEL1013,GEO4305
SEL1014,GEO12838
SEL1015,GEO1228
SEL1016,GEO8730
SEL1017,GEO17623
SEL1018,GEO3345
SEL1019,GEO1230
SEL1020,GEO172
SEL1021,GEO18339
SEL1022,GEO17479
SEL1023,GEO17685
SEL1024,GEO16883
SEL1025,GEO18438
SEL1026,GEO6359
SEL1027,GEO1240
SEL1028,GEO16272
SEL1029,GEO1471
SEL1030,GEO17031
SEL1031,GEO421
SEL1032,GEO989
SEL1033,GEO3072
SEL1034,GEO2453
SEL1035,GEO2869
SEL1036,GEO10184
SEL1037,GEO3359
SEL1038,GEO972
SEL1039,GEO5166
SEL1040,GEO5369
SEL1041,GEO4090
SEL1042,GEO18134
SEL1043,GEO8059
SEL1044,GEO5250
SEL1045,GEO16390
SEL1046,GEO4001
SEL1047,GEO18380
SEL1048,GEO10948
SEL1049,GEO5091
SEL1050,GEO17362
SEL1051,GEO17325
SEL1052,GEO16330
SEL1053,GEO18292
SEL1054,GEO3775
SEL1055,GEO17683
SEL1056,GEO1196
SEL1057,GEO16230
SEL1058,GEO9623
SEL1059,GEO4100
SEL1060,GEO17012
SEL1061,GEO5518
SEL1062,GEO17565
SEL1063,GEO1430
SEL1064,GEO15876
SEL1065,GEO1531
SEL1066,GEO4998
SEL1067,GEO5905
SEL1068,GEO16660
SEL1069,GEO16510
SEL1070,GEO18032
SEL1071,GEO6173
SEL1072,GEO18305
SEL1073,GEO8897
SEL1074,GEO4547
SEL1075,GEO913
SEL1076,GEO17314
SEL1077,GEO7779
SEL1078,GEO1114
SEL1079,GEO3449
SEL1080,GEO5342
SEL1081,GEO18294
SEL1082,GEO8430
SEL1083,GEO4324
SEL1084,GEO2221
SEL1085,GEO17804
SEL1086,GEO16772
SEL1087,GEO9972
SEL1088,GEO6389
SEL1089,GEO4504
SEL1090,GEO16258
SEL1091,GEO2471
SEL1092,GEO4041
SEL1093,GEO17185
SEL1094,GEO16512
SEL1095,GEO4251
SEL1096,GEO3799
SEL1097,GEO8173
SEL1098,GEO3239
SEL1099,GEO4091
SEL1100,GEO2135
SEL1101,GEO17391
SEL1102,GEO2283
SEL1103,GEO18282
SEL1104,GEO17105
SEL1105,GEO5983
SEL1106,GEO1126
SEL1107,GEO5729
SEL1108,GEO2966
SEL1109,GEO7243
SEL1110,GEO7834
SEL1111,GEO4954
SEL1112,GEO4870
SEL1113,GEO4825
SEL1114,GEO1757
SEL1115,GEO5201
SEL1116,GEO995
SEL1117,GEO4125
SEL1118,GEO4766
SEL1119,GEO8773
SEL1120,GEO18405
SEL1121,GEO1850
SEL1122,GEO1765
SEL1123,GEO763
SEL1124,GEO970
SEL1125,GEO4180
SEL1126,GEO4057
SEL1127,GEO7185
SEL1128,GEO5139
SEL1129,GEO6134
SEL1130,GEO4998
SEL1131,GEO4283
SEL1132,GEO4047
SEL1133,GEO9350
SEL1134,GEO4809
SEL1135,GEO1329
SEL1136,GEO3504
SEL1137,GEO5356
SEL1138,GEO6170
SEL1139,GEO1931
SEL1140,GEO5463
SEL1141,GEO17654
SEL1142,GEO16290
SEL1143,GEO101
SEL1144,GEO3147
SEL1145,GEO4507
SEL1146,GEO3509
SEL1147,GEO6669
SEL1148,GEO3497
SEL1149,GEO4321
SEL1150,GEO3796
SEL1151,GEO5116
SEL1152,GEO2626
SEL1153,GEO8146
SEL1154,GEO17013
SEL1155,GEO16495
SEL1156,GEO6037
SEL1157,GEO5427
SEL1158,GEO496
SEL1159,GEO7068
SEL1160,GEO4128
SEL1161,GEO3251
SEL1162,GEO2357
SEL1163,GEO4800
SEL1164,GEO1294
SEL1165,GEO1921
SEL1166,GEO2119
SEL1167,GEO2872
SEL1168,GEO329
SEL1169,GEO16518
SEL1170,GEO1828
SEL1171,GEO2479
SEL1172,GEO2829
SEL1173,GEO4106
SEL1174,GEO5879
SEL1175,GEO1118
SEL1176,GEO584
SEL1177,GEO4063
SEL1178,GEO3849
SEL1179,GEO316
SEL1180,GEO5463
SEL1181,GEO10409
SEL1182,GEO16097
SEL1183,GEO3934
SEL1184,GEO5463
SEL1185,GEO1081
SEL1186,GEO5856
SEL1187,GEO7783
SEL1188,GEO9023
SEL1189,GEO16439
SEL1190,GEO17461
SEL1191,GEO3824
SEL1192,GEO9560
SEL1193,GEO1358
SEL1194,GEO16897
SEL1195,GEO2781
SEL1196,GEO6429
SEL1197,GEO3170
SEL1198,GEO3342
SEL1199,GEO17033
SEL1200,GEO2928
SEL1201,GEO5231
SEL1202,GEO18037
SEL1203,GEO17865
SEL1204,GEO7662
SEL1205,GEO9043
SEL1206,GEO17595
SEL1207,GEO7682
SEL1208,GEO3539
SEL1209,GEO17935
SEL1210,GEO17419
SEL1211,GEO16246
SEL1212,GEO5748
SEL1213,GEO023
SEL1214,GEO3170
SEL1215,GEO2042
SEL1216,GEO6316
SEL1217,GEO17623
SEL1218,GEO4957
SEL1219,GEO2757
SEL1220,GEO9332
SEL1221,GEO4912
SEL1222,GEO16268
SEL1223,GEO7905
SEL1224,GEO3787
SEL1225,GEO17012
SEL1226,GEO8167
SEL1227,GEO6355
SEL1228,GEO2468
SEL1229,GEO17075
SEL1230,GEO16267
SEL1231,GEO9210
SEL1232,GEO3384
SEL1233,GEO9043
SEL1234,GEO16304
SEL1235,GEO17655
SEL1236,GEO4125
SEL1237,GEO3345
SEL1238,GEO4920
SEL1239,GEO2672
SEL1240,GEO4596
SEL1241,GEO5471
SEL1242,GEO17269
SEL1243,GEO4659
SEL1244,GEO5098
SEL1245,GEO5355
SEL1246,GEO5301
SEL1247,GEO2279
SEL1248,GEO3357
SEL1249,GEO17095
SEL1250,GEO8152
SEL1251,GEO9364
SEL1252,GEO8320
SEL1253,GEO3143
SEL1254,GEO5353
SEL1255,GEO14817
SEL1256,GEO5205
SEL1257,GEO8063
SEL1258,GEO5463
SEL1259,GEO1075
SEL1260,GEO16946
SEL1261,GEO7788
SEL1262,GEO6362
SEL1263,GEO17890
SEL1264,GEO8811
SEL1265,GEO18261
SEL1266,GEO5463
SEL1267,GEO5847
SEL1268,GEO341
SEL1269,GEO1908
SEL1270,GEO16281
SEL1271,GEO14684
SEL1272,GEO17076
SEL1273,GEO4092
SEL1274,GEO6428
SEL1275,GEO1550
SEL1276,GEO6037
SEL1277,GEO2148
SEL1278,GEO9220
SEL1279,GEO17366
SEL1280,GEO2597
SEL1281,GEO5100
SEL1282,GEO4175
SEL1283,GEO4583
SEL1284,GEO8767
SEL1285,GEO6516
SEL1286,GEO16269
SEL1287,GEO063
SEL1288,GEO17275
SEL1289,GEO17328
SEL1290,GEO4261
SEL1291,GEO5087
SEL1292,GEO5992
SEL1293,GEO3457
SEL1294,GEO6640
SEL1295,GEO2302
SEL1296,GEO9070
SEL1297,GEO16246
SEL1298,GEO3064
SEL1299,GEO17656
SEL1300,GEO9332
SEL1301,GEO285
SEL1302,GEO6644
SEL1303,GEO5377
SEL1304,GEO17349
SEL1305,GEO16903
SEL1306,GEO4178
SEL1307,GEO16940
SEL1308,GEO12529
SEL1309,GEO3814
SEL1310,GEO5102
SEL1311,GEO4049
SEL1312,GEO4785
SEL1313,GEO2293
SEL1314,GEO2265
SEL1315,GEO4147
SEL1316,GEO7977
SEL1317,GEO4265
SEL1318,GEO16710
SEL1319,GEO3697
SEL1320,GEO4899
SEL1321,GEO7387
SEL1322,GEO1149
SEL1323,GEO2295
SEL1324,GEO4616
SEL1325,GEO1930
SEL1326,GEO9307
SEL1327,GEO16802
SEL1328,GEO1828
SEL1329,GEO8385
SEL1330,GEO16234
SEL1331,GEO16523
SEL1332,GEO8283
SEL1333,GEO4086
SEL1334,GEO6151
SEL1335,GEO1373
SEL1336,GEO3755
SEL1337,GEO1342
SEL1338,GEO3996
SEL1339,GEO5302
SEL1340,GEO16833
SEL1341,GEO17273
SEL1342,GEO16535
SEL1343,GEO7901
SEL1344,GEO17766
SEL1345,GEO6171
SEL1346,GEO4809
SEL1347,GEO6587
SEL1348,GEO5471
SEL1349,GEO17417
SEL1350,GEO1020
SEL1351,GEO6671
SEL1352,GEO14176
SEL1353,GEO17382
SEL1354,GEO17276
SEL1355,GEO17744
SEL1356,GEO5811
SEL1357,GEO5602
SEL1358,GEO4818
SEL1359,GEO17474
SEL1360,GEO1906
SEL1361,GEO2813
SEL1362,GEO17115
SEL1363,GEO3771
SEL1364,GEO8820
SEL1365,GEO18314
SEL1366,GEO16574
SEL1367,GEO1154
SEL1368,GEO14616
SEL1369,GEO8878
SEL1370,GEO18500
SEL1371,GEO4032
SEL1372,GEO17283
SEL1373,GEO12118
SEL1374,GEO4774
SEL1375,GEO17980
SEL1376,GEO2903
SEL1377,GEO17688
SEL1378,GEO7582
SEL1379,GEO18266
SEL1380,GEO9354
SEL1381,GEO16396
SEL1382,GEO7562
SEL1383,GEO3994
SEL1384,GEO6139
SEL1385,GEO1741
SEL1386,GEO18207
SEL1387,GEO6654
SEL1388,GEO9736
SEL1389,GEO5020
SEL1390,GEO2933
SEL1391,GEO16820
SEL1392,GEO1822
SEL1393,GEO9537
SEL1394,GEO950
SEL1395,GEO16812
SEL1396,GEO4290
SEL1397,GEO1995
SEL1398,GEO5708
SEL1399,GEO18401
SEL1400,GEO950
SEL1401,GEO17706
SEL1402,GEO1091
SEL1403,GEO5088
SEL1404,GEO8314
SEL1405,GEO8200
SEL1406,GEO7046
SEL1407,GEO9496
SEL1408,GEO5416
SEL1409,GEO4983
SEL1410,GEO4100
SEL1411,GEO16906
SEL1412,GEO8730
SEL1413,GEO9201
SEL1414,GEO4048
SEL1415,GEO8346
SEL1416,GEO17724
SEL1417,GEO17482
SEL1418,GEO16230
SEL1419,GEO16438
SEL1420,GEO5463
SEL1421,GEO5125
SEL1422,GEO16532
SEL1423,GEO5241
SEL1424,GEO954
SEL1425,GEO7741
SEL1426,GEO8730
SEL1427,GEO6664
SEL1428,GEO5458
SEL1429,GEO8097
SEL1430,GEO5473
SEL1431,GEO1359
SEL1432,GEO309
SEL1433,GEO17680
SEL1434,GEO5463
SEL1435,GEO3548
SEL1436,GEO9047
SEL1437,GEO18459
SEL1438,GEO5463
SEL1439,GEO11124
SEL1440,GEO8180
SEL1441,GEO18142
SEL1442,GEO5507
SEL1443,GEO17092
SEL1444,GEO4836
SEL1445,GEO6036
SEL1446,GEO9332
SEL1447,GEO18251
SEL1448,GEO8963
SEL1449,GEO16352
SEL1450,GEO17349
SEL1451,GEO1312
SEL1452,GEO4159
SEL1453,GEO5926
SEL1454,GEO4773
SEL1455,GEO8286
SEL1456,GEO4357
SEL1457,GEO17277
SEL1458,GEO5269
SEL1459,GEO18938
SEL1460,GEO12227
SEL1461,GEO4178
SEL1462,GEO4283
SEL1463,GEO274
SEL1464,GEO4859
SEL1465,GEO16224
SEL1466,GEO16800
SEL1467,GEO6006
SEL1468,GEO3084
SEL1469,GEO3110
SEL1470,GEO8080
SEL1471,GEO102
SEL1472,GEO3994
SEL1473,GEO4991
SEL1474,GEO1377
SEL1475,GEO18843
SEL1476,GEO6576
SEL1477,GEO4055
SEL1478,GEO16238
SEL1479,GEO5444
SEL1480,GEO5463
SEL1481,GEO8085
SEL1482,GEO5346
SEL1483,GEO17087
SEL1484,GEO4954
SEL1485,GEO1293
SEL1486,GEO104
SEL1487,GEO4610
SEL1488,GEO2148
SEL1489,GEO5650
SEL1490,GEO4123
SEL1491,GEO3569
SEL1492,GEO16357
SEL1493,GEO17117
SEL1494,GEO4860
SEL1495,GEO17326
SEL1496,GEO5100
SEL1497,GEO4014
SEL1498,GEO4077
SEL1499,GEO758
SEL1500,GEO6424
SEL1501,GEO7651
SEL1502,GEO4991
SEL1503,GEO2919
SEL1504,GEO856
SEL1505,GEO7114
SEL1506,GEO5520
SEL1507,GEO2496
SEL1508,GEO4825
SEL1509,GEO8127
SEL1510,GEO042
SEL1511,GEO4598
SEL1512,GEO4063
SEL1513,GEO5533
SEL1514,GEO1306
SEL1515,GEO14932
SEL1516,GEO9043
SEL1517,GEO5166
SEL1518,GEO7249
SEL1519,GEO1441
SEL1520,GEO6012
SEL1521,GEO2303
SEL1522,GEO3458
SEL1523,GEO5345
SEL1524,GEO755
SEL1525,GEO3234
SEL1526,GEO1881
SEL1527,GEO3848
SEL1528,GEO3482
SEL1529,GEO6017
SEL1530,GEO2006
SEL1531,GEO5463
SEL1532,GEO5020
SEL1533,GEO5429
SEL1534,GEO14398
SEL1535,GEO5425
SEL1536,GEO4950
SEL1537,GEO14306
SEL1538,GEO2093
SEL1539,GEO6450
SEL1540,GEO17112
SEL1541,GEO3798
SEL1542,GEO2955
SEL1543,GEO6024
SEL1544,GEO6670
SEL1545,GEO3328
SEL1546,GEO1336
SEL1547,GEO5249
SEL1548,GEO5314
SEL1549,GEO16241
SEL1550,GEO16258
SEL1551,GEO14684
SEL1552,GEO3783
SEL1553,GEO17806
SEL1554,GEO15229
SEL1555,GEO289
SEL1556,GEO5394
SEL1557,GEO7755
SEL1558,GEO14907
SEL1559,GEO17637
SEL1560,GEO3138
SEL1561,GEO18471
SEL1562,GEO16479
SEL1563,GEO6222
SEL1564,GEO2228
SEL1565,GEO5414
SEL1566,GEO4382
SEL1567,GEO872
SEL1568,GEO022
SEL1569,GEO18217
SEL1570,GEO666
SEL1571,GEO12438
SEL1572,GEO12183
SEL1573,GEO896
SEL1574,GEO4919
SEL1575,GEO5531
SEL1576,GEO9384
SEL1577,GEO17008
SEL1578,GEO18444
SEL1579,GEO6428
SEL1580,GEO8064
SEL1581,GEO1776
SEL1582,GEO16301
SEL1583,GEO5463
SEL1584,GEO16360
SEL1585,GEO17029
SEL1586,GEO8184
SEL1587,GEO5088
SEL1588,GEO16290
SEL1589,GEO6483
SEL1590,GEO17912
SEL1591,GEO2540
SEL1592,GEO6465
SEL1593,GEO3455
SEL1594,GEO035
SEL1595,GEO1453
SEL1596,GEO5214
SEL1597,GEO5115
SEL1598,GEO17253
SEL1599,GEO1787
SEL1600,GEO5431
SEL1601,GEO16247
SEL1602,GEO16775
SEL1603,GEO1779
SEL1604,GEO18164
SEL1605,GEO1433
SEL1606,GEO2024
SEL1607,GEO8067
SEL1608,GEO16222
SEL1609,GEO3792
SEL1610,GEO1398
SEL1611,GEO16971
SEL1612,GEO4182
SEL1613,GEO11870
SEL1614,GEO17600
SEL1615,GEO1978
SEL1616,GEO16290
SEL1617,GEO5667
SEL1618,GEO3108
SEL1619,GEO1606
SEL1620,GEO17909
SEL1621,GEO17012
SEL1622,GEO4068
SEL1623,GEO3585
SEL1624,GEO5115
SEL1625,GEO6158
SEL1626,GEO17322
SEL1627,GEO17366
SEL1628,GEO4507
SEL1629,GEO8346
SEL1630,GEO1546
SEL1631,GEO8767
SEL1632,GEO18150
SEL1633,GEO071
SEL1634,GEO3375
SEL1635,GEO3099
SEL1636,GEO067
SEL1637,GEO6194
SEL1638,GEO4797
SEL1639,GEO5668
SEL1640,GEO18455
SEL1641,GEO16260
SEL1642,GEO6034
SEL1643,GEO16391
SEL1644,GEO5125
SEL1645,GEO099
SEL1646,GEO2113
SEL1647,GEO18267
SEL1648,GEO5209
SEL1649,GEO039
SEL1650,GEO6366
SEL1651,GEO17938
SEL1652,GEO4057
SEL1653,GEO17655
SEL1654,GEO2126
SEL1655,GEO4891
SEL1656,GEO18468
SEL1657,GEO9405
SEL1658,GEO17082
SEL1659,GEO697
SEL1660,GEO8730
SEL1661,GEO1769
SEL1662,GEO525
SEL1663,GEO6654
SEL1664,GEO7288
SEL1665,GEO4658
SEL1666,GEO4331
SEL1667,GEO4088
SEL1668,GEO16242
SEL1669,GEO16839
SEL1670,GEO7019
SEL1671,GEO1075
SEL1672,GEO5353
SEL1673,
SEL1674,GEO5025
SEL1675,GEO3215
SEL1676,GEO2698
SEL1677,GEO11080
SEL1678,GEO4880
SEL1679,GEO5584
SEL1680,GEO9372
SEL1681,GEO5568
SEL1682,GEO5093
SEL1683,GEO164
SEL1684,GEO1788
SEL1685,GEO3503
SEL1686,GEO4048
SEL1687,GEO6804
SEL1688,GEO4048
SEL1689,GEO3365
SEL1690,GEO069
SEL1691,GEO3113
SEL1692,GEO17391
SEL1693,GEO16876
SEL1694,GEO8178
SEL1695,GEO16837
SEL1696,GEO17188
SEL1697,GEO2431
SEL1698,GEO5729
SEL1699,GEO1788
SEL1700,GEO12431
SEL1701,GEO6949
SEL1702,GEO16353
SEL1703,GEO16229
SEL1704,GEO14803
SEL1705,GEO18957
SEL1706,GEO2612
SEL1707,GEO312
SEL1708,GEO1082
SEL1709,GEO898
SEL1710,GEO4398
SEL1711,GEO17461
SEL1712,GEO5463
SEL1713,GEO16444
SEL1714,GEO18086
SEL1715,GEO4880
SEL1716,GEO5085
SEL1717,GEO16318
SEL1718,GEO4536
SEL1719,GEO8767
SEL1720,GEO16906
SEL1721,GEO16288
SEL1722,GEO1370
SEL1723,GEO2040
SEL1724,GEO16235
SEL1725,GEO17550
SEL1726,GEO16315
SEL1727,GEO6450
SEL1728,GEO6220
SEL1729,GEO4248
SEL1730,GEO3859
SEL1731,GEO3080
SEL1732,GEO16356
SEL1733,GEO18027
SEL1734,GEO5302
SEL1735,GEO3759
SEL1736,GEO9350
SEL1737,GEO172
SEL1738,GEO7662
SEL1739,GEO4325
SEL1740,GEO8761
SEL1741,GEO5463
SEL1742,GEO1624
SEL1743,GEO3510
SEL1744,GEO16535
SEL1745,GEO3854
SEL1746,GEO2276
SEL1747,GEO3138
SEL1748,GEO1269
SEL1749,GEO697
SEL1750,GEO6590
SEL1751,GEO2709
SEL1752,GEO16225
SEL1753,GEO3389
SEL1754,GEO16228
SEL1755,GEO5685
SEL1756,GEO9858
SEL1757,GEO1336
SEL1758,GEO5197
SEL1759,GEO5228
SEL1760,GEO1436
SEL1761,GEO1933
SEL1762,GEO2567
SEL1763,GEO16258
SEL1764,GEO17291
SEL1765,GEO3488
SEL1766,GEO4840
SEL1767,GEO2835
SEL1768,GEO4261
SEL1769,GEO5097
SEL1770,GEO16381
SEL1771,GEO5928
SEL1772,GEO5584
SEL1773,GEO18871
SEL1774,GEO5311
SEL1775,GEO1456
SEL1776,GEO098
SEL1777,GEO16259
SEL1778,GEO5972
SEL1779,GEO2218
SEL1780,GEO17483
SEL1781,GEO14909
SEL1782,GEO4785
SEL1783,GEO4563
SEL1784,GEO880
SEL1785,GEO5299
SEL1786,GEO2276
SEL1787,GEO3169
SEL1788,GEO7720
SEL1789,GEO16440
SEL1790,GEO5463
SEL1791,GEO4990
SEL1792,GEO5905
SEL1793,GEO3237
SEL1794,GEO5373
SEL1795,GEO14530
SEL1796,GEO1492
SEL1797,GEO632
SEL1798,GEO11141
SEL1799,GEO4848
SEL1800,GEO3163
SEL1801,GEO5993
SEL1802,GEO1084
SEL1803,GEO3611
SEL1804,GEO5656
SEL1805,GEO16365
SEL1806,GEO331
SEL1807,GEO1984
SEL1808,GEO5863
SEL1809,GEO4818
SEL1810,GEO7106
SEL1811,GEO4811
SEL1812,GEO386
SEL1813,GEO9220
SEL1814,GEO925
SEL1815,GEO4314
SEL1816,GEO16243
SEL1817,GEO1144
SEL1818,GEO16235
SEL1819,GEO6895
SEL1820,GEO16914
SEL1821,GEO2375
SEL1822,GEO5249
SEL1823,GEO5652
SEL1824,GEO6506
SEL1825,GEO9350
SEL1826,GEO9405
SEL1827,GEO11046
SEL1828,GEO3956
SEL1829,GEO5874
SEL1830,GEO4932
SEL1831,GEO1372
SEL1832,GEO3691
SEL1833,GEO5097
SEL1834,GEO3165
SEL1835,GEO4921
SEL1836,GEO16353
SEL1837,GEO5304
SEL1838,GEO5295
SEL1839,GEO8483
SEL1840,GEO8964
SEL1841,GEO4608
SEL1842,GEO4123
SEL1843,GEO3634
SEL1844,GEO1806
SEL1845,GEO4262
SEL1846,GEO4069
SEL1847,GEO5551
SEL1848,GEO5357
SEL1849,GEO17187
SEL1850,GEO15229
SEL1851,GEO18962
SEL1852,GEO6055
SEL1853,GEO2220
SEL1854,GEO1429
SEL1855,GEO4610
SEL1856,GEO5205
SEL1857,GEO3816
SEL1858,GEO17843
SEL1859,GEO5972
SEL1860,GEO17910
SEL1861,GEO975
SEL1862,GEO4594
SEL1863,GEO5168
SEL1864,GEO4370
SEL1865,GEO16676
SEL1866,GEO6671
SEL1867,GEO2353
SEL1868,GEO16236
SEL1869,GEO4090
SEL1870,GEO4848
SEL1871,GEO5228
SEL1872,GEO101
SEL1873,GEO17386
SEL1874,GEO5036
SEL1875,GEO1982
SEL1876,GEO5910
SEL1877,GEO1032
SEL1878,GEO18267
SEL1879,GEO18566
SEL1880,GEO1465
SEL1881,GEO2531
SEL1882,GEO16984
SEL1883,GEO17632
SEL1884,GEO3385
SEL1885,GEO1102
SEL1886,GEO5979
SEL1887,GEO5729
SEL1888,GEO026
SEL1889,GEO1713
SEL1890,GEO5707
SEL1891,GEO5068
SEL1892,GEO5269
SEL1893,GEO6306
SEL1894,GEO7089
SEL1895,GEO1942
SEL1896,GEO9600
SEL1897,GEO1589
SEL1898,GEO3485
SEL1899,GEO8078
SEL1900,GEO16367
SEL1901,GEO17598
SEL1902,GEO5463
SEL1903,GEO16739
SEL1904,GEO17087
SEL1905,GEO256
SEL1906,GEO16238
SEL1907,GEO5909
SEL1908,GEO302
SEL1909,GEO6055
SEL1910,GEO8746
SEL1911,GEO4942
SEL1912,GEO5015
SEL1913,GEO5473
SEL1914,GEO5285
SEL1915,GEO9539
SEL1916,GEO8248
SEL1917,GEO107
SEL1918,GEO16356
SEL1919,GEO18311
SEL1920,GEO5065
SEL1921,GEO5299
SEL1922,GEO1901
SEL1923,GEO5103
SEL1924,GEO5653
SEL1925,GEO17375
SEL1926,GEO5296
SEL1927,GEO17347
SEL1928,GEO6020
SEL1929,GEO18500
SEL1930,GEO16356
SEL1931,GEO13327
SEL1932,
SEL1933,GEO16887
SEL1934,GEO16317
SEL1935,GEO6216
SEL1936,GEO6664
SEL1937,GEO1632
SEL1938,GEO5487
SEL1939,GEO4889
SEL1940,GEO6311
SEL1941,GEO3817
SEL1942,GEO5049
SEL1943,GEO4998
SEL1944,GEO17305
SEL1945,GEO14163
SEL1946,GEO12635
SEL1947,GEO17576
SEL1948,GEO18444
SEL1949,GEO16823
SEL1950,GEO3472
SEL1951,GEO4063
SEL1952,GEO1236
SEL1953,GEO4822
SEL1954,GEO2336
SEL1955,GEO17086
SEL1956,GEO16252
SEL1957,GEO16739
SEL1958,GEO16453
SEL1959,GEO5463
SEL1960,GEO16874
SEL1961,GEO1277
SEL1962,GEO5308
SEL1963,GEO8180
SEL1964,GEO4175
SEL1965,GEO5302
SEL1966,GEO5501
SEL1967,GEO4848
SEL1968,GEO2709
SEL1969,GEO5512
SEL1970,GEO18119
SEL1971,GEO10368
SEL1972,GEO371
SEL1973,GEO17354
SEL1974,GEO11139
SEL1975,GEO16423
SEL1976,GEO3820
SEL1977,GEO16485
SEL1978,GEO966
SEL1979,GEO9005
SEL1980,GEO8078
SEL1981,GEO4851
SEL1982,GEO16357
SEL1983,GEO5067
SEL1984,GEO5500
SEL1985,GEO6310
SEL1986,GEO3763
SEL1987,GEO17098
SEL1988,GEO4414
SEL1989,GEO1984
SEL1990,GEO7220
SEL1991,GEO17091
SEL1992,GEO2481
SEL1993,GEO16772
SEL1994,GEO4924
SEL1995,GEO16519
SEL1996,GEO9287
SEL1997,GEO4079
SEL1998,GEO16267
SEL1999,GEO17302
SEL2000,GEO16278
SEL2001,GEO2262
SEL2002,GEO8184
SEL2003,GEO1536
SEL2004,GEO5301
SEL2005,GEO4285
SEL2006,GEO2933
SEL2007,GEO3444
SEL2008,GEO6876
SEL2009,GEO1303
SEL2010,GEO8746
SEL2011,GEO2952
SEL2012,GEO14544
SEL2013,GEO5797
SEL2014,GEO5301
SEL2015,GEO16048
SEL2016,GEO4260
SEL2017,GEO620
SEL2018,GEO16676
SEL2019,GEO1631
SEL2020,GEO1907
SEL2021,GEO3141
SEL2022,GEO021
SEL2023,GEO17009
SEL2024,GEO5353
SEL2025,GEO4504
SEL2026,GEO5463
SEL2027,GEO3800
SEL2028,GEO4172
SEL2029,GEO920
SEL2030,GEO5829
SEL2031,GEO2329
SEL2032,GEO8197
SEL2033,GEO4121
SEL2034,GEO17299
SEL2035,GEO5351
SEL2036,GEO9543
SEL2037,GEO5067
SEL2038,GEO294
SEL2039,GEO14824
SEL2040,GEO3515
SEL2041,GEO16266
SEL2042,GEO17680
SEL2043,GEO18594
SEL2044,GEO4727
SEL2045,GEO5972
SEL2046,GEO9110
SEL2047,GEO709
SEL2048,GEO16358
SEL2049,GEO10368
SEL2050,GEO5865
SEL2051,GEO8994
SEL2052,GEO4601
SEL2053,GEO4898
SEL2054,GEO5072
SEL2055,GEO8296
SEL2056,GEO1445
SEL2057,GEO3994
SEL2058,GEO5463
SEL2059,GEO2302
SEL2060,GEO5231
SEL2061,GEO7484
SEL2062,GEO17354
SEL2063,GEO1979
SEL2064,GEO7828
SEL2065,GEO4510
SEL2066,GEO6424
SEL2067,GEO1068
SEL2068,GEO15163
SEL2069,GEO17621
SEL2070,GEO5101
SEL2071,GEO1382
SEL2072,GEO1602
SEL2073,GEO16838
SEL2074,GEO1088
SEL2075,GEO3485
SEL2076,GEO5722
SEL2077,GEO5907
SEL2078,GEO18125
SEL2079,GEO5080
SEL2080,GEO8067
SEL2081,GEO1258
SEL2082,GEO296
SEL2083,GEO18025
SEL2084,GEO2267
SEL2085,GEO4600
SEL2086,GEO3204
SEL2087,GEO16388
SEL2088,GEO18668
SEL2089,GEO1901
SEL2090,GEO5115
SEL2091,GEO16300
SEL2092,GEO14904
SEL2093,GEO16814
SEL2094,GEO1783
SEL2095,GEO17325
SEL2096,GEO18028
SEL2097,GEO9275
SEL2098,GEO5166
SEL2099,GEO1752
SEL2100,GEO8191
SEL2101,GEO5295
SEL2102,GEO4180
SEL2103,GEO17098
SEL2104,GEO4356
SEL2105,GEO9185
SEL2106,GEO18938
SEL2107,GEO3089
SEL2108,GEO5463
SEL2109,GEO3818
SEL2110,GEO5928
SEL2111,GEO8099
SEL2112,GEO5191
SEL2113,GEO4642
SEL2114,GEO3820
SEL2115,GEO1556
SEL2116,GEO6074
SEL2117,GEO090
SEL2118,GEO6173
SEL2119,GEO5701
SEL2120,GEO17078
SEL2121,GEO5945
SEL2122,GEO16778
SEL2123,GEO15484
SEL2124,GEO5474
SEL2125,GEO7529
SEL2126,GEO5876
SEL2127,GEO4924
SEL2128,GEO4729
SEL2129,GEO17607
SEL2130,GEO4972
SEL2131,GEO5649
SEL2132,GEO9843
SEL2133,GEO5902
SEL2134,GEO17651
SEL2135,GEO7637
SEL2136,GEO5463
SEL2137,GEO17083
SEL2138,GEO3075
SEL2139,GEO4779
SEL2140,GEO17613
SEL2141,GEO4805
SEL2142,GEO17759
SEL2143,GEO1898
SEL2144,GEO399
SEL2145,GEO10597
SEL2146,GEO5089
SEL2147,GEO4890
SEL2148,GEO3753
SEL2149,GEO5031
SEL2150,GEO17656
SEL2151,GEO1045
SEL2152,GEO3314
SEL2153,GEO5601
SEL2154,GEO7956
SEL2155,GEO6093
SEL2156,GEO2558
SEL2157,GEO5491
SEL2158,GEO2063
SEL2159,GEO312
SEL2160,GEO4822
SEL2161,GEO936
SEL2162,GEO16780
SEL2163,GEO3152
SEL2164,GEO4886
SEL2165,GEO5486
SEL2166,GEO5087
SEL2167,GEO4857
SEL2168,GEO3116
SEL2169,GEO17560
SEL2170,GEO9549
SEL2171,GEO6820
SEL2172,GEO1877
SEL2173,GEO16228
SEL2174,GEO17029
SEL2175,GEO2024
SEL2176,GEO1918
SEL2177,GEO3154
SEL2178,GEO8586
SEL2179,GEO8075
SEL2180,GEO16783
SEL2181,GEO16326
SEL2182,GEO887
SEL2183,
SEL2184,GEO8798
SEL2185,GEO6317
SEL2186,GEO2374
SEL2187,GEO17661
SEL2188,GEO3817
SEL2189,GEO17105
SEL2190,GEO17581
SEL2191,GEO17934
SEL2192,GEO17342
SEL2193,GEO4876
SEL2194,GEO10004
SEL2195,GEO1208
SEL2196,GEO3144
SEL2197,GEO5020
SEL2198,GEO3327
SEL2199,GEO5351
SEL2200,GEO6840
SEL2201,GEO4091
SEL2202,GEO17095
SEL2203,GEO4329
SEL2204,GEO5228
SEL2205,GEO6588
SEL2206,GEO3490
SEL2207,GEO948
SEL2208,GEO1272
SEL2209,GEO8311
SEL2210,GEO5469
SEL2211,GEO5463
SEL2212,GEO2401
SEL2213,GEO5381
SEL2214,GEO5036
SEL2215,GEO6114
SEL2216,GEO8819
SEL2217,GEO5047
SEL2218,GEO3518
SEL2219,GEO4785
SEL2220,GEO4104
SEL2221,GEO4455
SEL2222,GEO1645
SEL2223,GEO5771
SEL2224,GEO5871
SEL2225,GEO4510
SEL2226,GEO5237
SEL2227,GEO17749
SEL2228,GEO14520
SEL2229,GEO17327
SEL2230,GEO5219
SEL2231,GEO458
SEL2232,GEO17494
SEL2233,GEO16610
SEL2234,GEO7381
SEL2235,GEO5600
SEL2236,GEO16314
SEL2237,GEO673
SEL2238,GEO17120
SEL2239,GEO16519
SEL2240,GEO731
SEL2241,GEO16888
SEL2242,GEO7180
SEL2243,GEO5936
SEL2244,GEO17082
SEL2245,GEO17627
SEL2246,GEO1531
SEL2247,GEO5007
SEL2248,GEO17366
SEL2249,GEO5035
SEL2250,GEO16423
SEL2251,GEO189
SEL2252,GEO5425
SEL2253,GEO17325
SEL2254,GEO3541
SEL2255,GEO16299
SEL2256,GEO4589
SEL2257,GEO5128
SEL2258,GEO4355
SEL2259,GEO17086
SEL2260,GEO7727
SEL2261,GEO2223
SEL2262,GEO2532
SEL2263,GEO8807
SEL2264,GEO1390
SEL2265,GEO17105
SEL2266,GEO194
SEL2267,GEO3368
SEL2268,GEO5463
SEL2269,GEO4407
SEL2270,GEO8931
SEL2271,GEO2037
SEL2272,GEO14812
SEL2273,GEO4052
SEL2274,GEO4937
SEL2275,GEO5253
SEL2276,GEO637
SEL2277,GEO16741
SEL2278,GEO4848
SEL2279,GEO4953
SEL2280,GEO257
SEL2281,GEO7838
SEL2282,GEO16470
SEL2283,GEO1173
SEL2284,GEO1152
SEL2285,GEO5824
SEL2286,GEO8208
SEL2287,GEO5078
SEL2288,GEO10572
SEL2289,GEO17466
SEL2290,GEO5240
SEL2291,GEO3227
SEL2292,GEO5471
SEL2293,GEO18438
SEL2294,GEO5463
SEL2295,GEO4866
SEL2296,GEO501
SEL2297,GEO6875
SEL2298,GEO2938
SEL2299,GEO17639
SEL2300,GEO8305
SEL2301,GEO2836
SEL2302,GEO5102
SEL2303,GEO1916
SEL2304,GEO362
SEL2305,GEO3934
SEL2306,GEO3851
SEL2307,GEO5804
SEL2308,GEO18399
SEL2309,GEO3214
SEL2310,GEO1747
SEL2311,GEO3106
SEL2312,GEO365
SEL2313,GEO16440
SEL2314,GEO4060
SEL2315,GEO2463
SEL2316,GEO16492
SEL2317,GEO5270
SEL2318,GEO18267
SEL2319,GEO18918
SEL2320,GEO8168
SEL2321,GEO3654
SEL2322,GEO14485
SEL2323,GEO1508
SEL2324,GEO17351
SEL2325,GEO5424
SEL2326,GEO8819
SEL2327,GEO8905
SEL2328,GEO17713
SEL2329,GEO2783
SEL2330,GEO3064
SEL2331,GEO5206
SEL2332,GEO5742
SEL2333,GEO023
SEL2334,GEO696
SEL2335,GEO5499
SEL2336,GEO14424
SEL2337,GEO1876
SEL2338,GEO112
SEL2339,GEO4082
SEL2340,GEO5985
SEL2341,GEO5061
SEL2342,GEO7005
SEL2343,GEO5413
SEL2344,GEO16895
SEL2345,GEO3700
SEL2346,GEO4937
SEL2347,GEO5038
SEL2348,GEO18539
SEL2349,GEO17557
SEL2350,GEO18127
SEL2351,GEO760
SEL2352,GEO17091
SEL2353,GEO17821
SEL2354,GEO4825
SEL2355,GEO6142
SEL2356,GEO6362
SEL2357,GEO149
SEL2358,GEO17086
SEL2359,GEO5269
SEL2360,GEO16234
SEL2361,GEO14800
SEL2362,GEO17616
SEL2363,GEO2379
SEL2364,GEO031
SEL2365,GEO16236
SEL2366,GEO4119
SEL2367,GEO13930
SEL2368,GEO1352
SEL2369,GEO597
SEL2370,GEO2738
SEL2371,GEO5518
SEL2372,GEO6831
SEL2373,GEO167
SEL2374,GEO7137
SEL2375,GEO17144
SEL2376,GEO3753
SEL2377,GEO5166
SEL2378,GEO6155
SEL2379,GEO5499
SEL2380,GEO15729
SEL2381,GEO9234
SEL2382,GEO1737
SEL2383,GEO6036
SEL2384,GEO3325
SEL2385,GEO3381
SEL2386,GEO17546
SEL2387,GEO4260
SEL2388,GEO7837
SEL2389,GEO341
SEL2390,GEO17095
SEL2391,GEO5015
SEL2392,GEO1890
SEL2393,GEO17185
SEL2394,GEO5249
SEL2395,GEO1369
SEL2396,GEO4889
SEL2397,GEO6180
SEL2398,GEO5880
SEL2399,GEO8329
SEL2400,GEO16497
SEL2401,GEO1514
SEL2402,GEO5351
SEL2403,GEO8223
SEL2404,GEO16456
SEL2405,GEO5421
SEL2406,GEO5463
SEL2407,GEO2189
SEL2408,GEO5015
SEL2409,GEO16351
SEL2410,GEO1456
SEL2411,GEO3343
SEL2412,GEO8346
SEL2413,GEO17572
SEL2414,GEO3757
SEL2415,GEO8913
SEL2416,GEO543
SEL2417,GEO5351
SEL2418,GEO2337
SEL2419,GEO16820
SEL2420,GEO6415
SEL2421,GEO5878
SEL2422,GEO5559
SEL2423,GEO4258
SEL2424,GEO8198
SEL2425,GEO5729
SEL2426,GEO7104
SEL2427,GEO17461
SEL2428,GEO16054
SEL2429,GEO5872
SEL2430,GEO18668
SEL2431,GEO1065
SEL2432,GEO18776
SEL2433,GEO5043
SEL2434,GEO4944
SEL2435,GEO5463
SEL2436,GEO3278
SEL2437,GEO16222
SEL2438,GEO9538
SEL2439,GEO14916
SEL2440,GEO16820
SEL2441,GEO14508
SEL2442,GEO9599
SEL2443,GEO5492
SEL2444,GEO6434
SEL2445,GEO9646
SEL2446,GEO5737
SEL2447,GEO16240
SEL2448,GEO3552
SEL2449,GEO16772
SEL2450,GEO4954
SEL2451,GEO5270
SEL2452,GEO2202
SEL2453,GEO207
SEL2454,GEO10678
SEL2455,GEO12630
SEL2456,GEO17564
SEL2457,GEO17080
SEL2458,GEO17766
SEL2459,GEO17818
SEL2460,GEO8756
SEL2461,GEO17393
SEL2462,GEO18032
SEL2463,GEO8685
SEL2464,GEO5463
SEL2465,GEO8432
SEL2466,GEO17102
SEL2467,GEO2813
SEL2468,GEO3816
SEL2469,GEO1009
SEL2470,GEO5341
SEL2471,GEO17554
SEL2472,GEO2218
SEL2473,GEO17819
SEL2474,GEO17933
SEL2475,GEO8729
SEL2476,GEO3592
SEL2477,GEO3453
SEL2478,GEO16241
SEL2479,GEO6260
SEL2480,GEO6551
SEL2481,GEO8093
SEL2482,GEO5998
SEL2483,GEO17322
SEL2484,GEO16459
SEL2485,GEO5174
SEL2486,GEO17082
SEL2487,GEO4084
SEL2488,GEO4279
SEL2489,GEO6311
SEL2490,GEO4512
SEL2491,GEO6494
SEL2492,GEO5442
SEL2493,GEO2103
SEL2494,GEO5291
SEL2495,GEO8173
SEL2496,GEO16294
SEL2497,GEO4915
SEL2498,GEO1750
SEL2499,GEO1004
SEL2500,GEO063
SEL2501,GEO8062
SEL2502,GEO18832
SEL2503,GEO17740
SEL2504,GEO6136
SEL2505,GEO5305
SEL2506,GEO5308
SEL2507,GEO5463
SEL2508,GEO1022
SEL2509,GEO5972
SEL2510,GEO8894
SEL2511,GEO16264
SEL2512,GEO1079
SEL2513,GEO3511
SEL2514,GEO3454
SEL2515,GEO4876
SEL2516,GEO5495
SEL2517,GEO6532
SEL2518,GEO5302
SEL2519,GEO6640
SEL2520,GEO3449
SEL2521,GEO9560
SEL2522,GEO8474
SEL2523,GEO4177
SEL2524,GEO18120
SEL2525,GEO5268
SEL2526,GEO5974
SEL2527,GEO9384
SEL2528,GEO6008
SEL2529,GEO16304
SEL2530,GEO1199
SEL2531,GEO5531
SEL2532,GEO9537
SEL2533,GEO8313
SEL2534,GEO17912
SEL2535,GEO6356
SEL2536,GEO976
SEL2537,GEO2543
SEL2538,GEO238
SEL2539,GEO7916
SEL2540,GEO5803
SEL2541,GEO16825
SEL2542,GEO17417
SEL2543,GEO2945
SEL2544,GEO2611
SEL2545,GEO18339
SEL2546,GEO7064
SEL2547,GEO17590
SEL2548,GEO4406
SEL2549,GEO700
SEL2550,GEO1895
SEL2551,GEO12482
SEL2552,GEO599
SEL2553,GEO5020
SEL2554,GEO16958
SEL2555,GEO4613
SEL2556,GEO18266
SEL2557,GEO606
SEL2558,GEO8314
SEL2559,GEO18302
SEL2560,GEO310
SEL2561,GEO17095
SEL2562,GEO1640
SEL2563,GEO4840
SEL2564,GEO5094
SEL2565,GEO3853
SEL2566,GEO4662
SEL2567,GEO3872
SEL2568,GEO4862
SEL2569,GEO5269
SEL2570,GEO2081
SEL2571,GEO17573
SEL2572,GEO1187
SEL2573,GEO8140
SEL2574,GEO2543
SEL2575,GEO1843
SEL2576,GEO464
SEL2577,GEO4772
SEL2578,GEO2852
SEL2579,GEO5463
SEL2580,GEO1303
SEL2581,GEO4622
SEL2582,GEO080
SEL2583,GEO4996
SEL2584,GEO8773
SEL2585,GEO16361
SEL2586,GEO18067
SEL2587,GEO2096
SEL2588,GEO7480
SEL2589,GEO5473
SEL2590,GEO14428
SEL2591,GEO928
SEL2592,GEO4182
SEL2593,GEO5275
SEL2594,GEO849
SEL2595,GEO17137
SEL2596,GEO618
SEL2597,GEO5463
SEL2598,GEO1324
SEL2599,GEO6479
SEL2600,GEO1165
SEL2601,GEO100
SEL2602,GEO10255
SEL2603,GEO16912
SEL2604,GEO9563
SEL2605,GEO2572
SEL2606,GEO17277
SEL2607,GEO4822
SEL2608,GEO17620
SEL2609,GEO16222
SEL2610,GEO17959
SEL2611,GEO3064
SEL2612,GEO5166
SEL2613,GEO5249
SEL2614,GEO6747
SEL2615,GEO3242
SEL2616,GEO18026
SEL2617,GEO18589
SEL2618,GEO5441
SEL2619,GEO1747
SEL2620,GEO4360
SEL2621,GEO5190
SEL2622,GEO5960
SEL2623,GEO6136
SEL2624,GEO3251
SEL2625,GEO5821
SEL2626,GEO3246
SEL2627,GEO2898
SEL2628,GEO799
SEL2629,GEO5267
SEL2630,GEO4262
SEL2631,GEO1787
SEL2632,GEO6664
SEL2633,GEO5880
SEL2634,GEO4733
SEL2635,GEO16880
SEL2636,GEO8175
SEL2637,GEO5072
SEL2638,GEO3561
SEL2639,GEO6334
SEL2640,GEO5463
SEL2641,GEO16235
SEL2642,GEO17253
SEL2643,GEO5865
SEL2644,GEO4039
SEL2645,GEO937
SEL2646,GEO6356
SEL2647,GEO7683
SEL2648,GEO4521
SEL2649,GEO5855
SEL2650,GEO5298
SEL2651,GEO17461
SEL2652,GEO1119
SEL2653,GEO17664
SEL2654,GEO3535
SEL2655,GEO1563
SEL2656,GEO5269
SEL2657,GEO17731
SEL2658,GEO2431
SEL2659,GEO17707
SEL2660,GEO6494
SEL2661,GEO041
SEL2662,GEO5425
SEL2663,GEO14564
SEL2664,GEO5900
SEL2665,GEO1842
SEL2666,GEO16227
SEL2667,GEO6219
SEL2668,GEO16388
SEL2669,GEO5109
SEL2670,GEO7339
SEL2671,GEO860
SEL2672,GEO9720
SEL2673,GEO4178
SEL2674,GEO5751
SEL2675,GEO3950
SEL2676,GEO6024
SEL2677,GEO1395
SEL2678,GEO4289
SEL2679,GEO5803
SEL2680,GEO16246
SEL2681,GEO3430
SEL2682,GEO4923
SEL2683,GEO4545
SEL2684,GEO5283
SEL2685,GEO3478
SEL2686,GEO10184
SEL2687,GEO5815
SEL2688,GEO8578
SEL2689,GEO7466
SEL2690,GEO18411
SEL2691,GEO1362
SEL2692,GEO4923
SEL2693,GEO5023
SEL2694,GEO17395
SEL2695,GEO947
SEL2696,GEO5307
SEL2697,GEO17101
SEL2698,GEO376
SEL2699,GEO4258
SEL2700,GEO5211
SEL2701,GEO977
SEL2702,GEO4057
SEL2703,GEO6276
SEL2704,GEO6670
SEL2705,GEO5088
SEL2706,GEO16365
SEL2707,GEO18297
SEL2708,GEO851
SEL2709,GEO16632
SEL2710,GEO17534
SEL2711,GEO8073
SEL2712,GEO17267
SEL2713,GEO9451
SEL2714,GEO5901
SEL2715,GEO5295
SEL2716,GEO829
SEL2717,GEO6308
SEL2718,GEO5053
SEL2719,GEO17155
SEL2720,GEO16440
SEL2721,GEO1096
SEL2722,GEO11356
SEL2723,GEO4181
SEL2724,GEO5206
SEL2725,GEO1556
SEL2726,GEO1842
SEL2727,GEO16272
SEL2728,GEO16310
SEL2729,GEO17030
SEL2730,GEO16459
SEL2731,GEO17819
SEL2732,GEO16440
SEL2733,GEO16240
SEL2734,GEO9537
SEL2735,GEO7309
SEL2736,GEO2242
SEL2737,GEO1750
SEL2738,GEO6570
SEL2739,GEO8973
SEL2740,GEO4170
SEL2741,GEO3798
SEL2742,GEO16325
SEL2743,GEO3157
SEL2744,GEO1453
SEL2745,GEO6220
SEL2746,GEO4863
SEL2747,GEO9236
SEL2748,GEO5035
SEL2749,GEO17349
SEL2750,GEO18115
SEL2751,GEO1315
SEL2752,GEO1907
SEL2753,GEO17313
SEL2754,GEO1820
SEL2755,GEO5463
SEL2756,GEO4179
SEL2757,GEO16936
SEL2758,GEO6018
SEL2759,GEO8868
SEL2760,GEO1320
SEL2761,GEO981
SEL2762,GEO16866
SEL2763,GEO3807
SEL2764,GEO5443
SEL2765,GEO16267
SEL2766,GEO3792
SEL2767,GEO17545
SEL2768,GEO17551
SEL2769,GEO17915
SEL2770,GEO14789
SEL2771,GEO17029
SEL2772,GEO1540
SEL2773,GEO17699
SEL2774,GEO1189
SEL2775,GEO4787
SEL2776,GEO14363
SEL2777,GEO17142
SEL2778,GEO5302
SEL2779,GEO17095
SEL2780,GEO16785
SEL2781,GEO16866
SEL2782,GEO5078
SEL2783,GEO5355
SEL2784,GEO2427
SEL2785,GEO3339
SEL2786,GEO16438
SEL2787,GEO17082
SEL2788,GEO16902
SEL2789,GEO3022
SEL2790,GEO16615
SEL2791,GEO3545
SEL2792,GEO4815
SEL2793,GEO5249
SEL2794,GEO4914
SEL2795,GEO4318
SEL2796,GEO4355
SEL2797,GEO6320
SEL2798,GEO9497
SEL2799,GEO5587
SEL2800,GEO4357
SEL2801,GEO17724
SEL2802,GEO6449
SEL2803,GEO5311
SEL2804,GEO18448
SEL2805,GEO6171
SEL2806,GEO7843
SEL2807,GEO18620
SEL2808,GEO2050
SEL2809,GEO5463
SEL2810,GEO487
SEL2811,GEO1277
SEL2812,GEO3084
SEL2813,GEO3145
SEL2814,GEO16238
SEL2815,GEO16348
SEL2816,GEO3015
SEL2817,GEO6723
SEL2818,GEO5648
SEL2819,GEO1493
SEL2820,GEO3934
SEL2821,GEO17004
SEL2822,GEO17343
SEL2823,GEO17384
SEL2824,GEO1842
SEL2825,GEO7727
SEL2826,GEO17644
SEL2827,GEO1188
SEL2828,GEO2860
SEL2829,GEO17093
SEL2830,GEO12153
SEL2831,GEO3119
SEL2832,GEO17092
SEL2833,GEO559
SEL2834,GEO6226
SEL2835,GEO5855
SEL2836,GEO16823
SEL2837,GEO5980
SEL2838,GEO9332
SEL2839,GEO18265
SEL2840,GEO322
SEL2841,GEO16255
SEL2842,GEO14273
SEL2843,GEO6417
SEL2844,GEO1065
SEL2845,GEO1311
SEL2846,GEO4785
SEL2847,GEO18151
SEL2848,GEO16391
SEL2849,GEO16524
SEL2850,GEO14820
SEL2851,GEO4993
SEL2852,GEO1036
SEL2853,GEO093
SEL2854,GEO8164
SEL2855,GEO2749
SEL2856,GEO4341
SEL2857,GEO026
SEL2858,GEO1870
SEL2859,GEO18037
SEL2860,GEO17224
SEL2861,GEO9537
SEL2862,GEO1832
SEL2863,GEO5283
SEL2864,GEO3256
SEL2865,GEO14447
SEL2866,GEO8193
SEL2867,GEO5992
SEL2868,GEO18233
SEL2869,GEO6368
SEL2870,GEO3953
SEL2871,GEO1777
SEL2872,GEO16245
SEL2873,GEO104
SEL2874,GEO6084
SEL2875,GEO4536
SEL2876,GEO5081
SEL2877,GEO2240
SEL2878,GEO1062
SEL2879,GEO6210
SEL2880,GEO1477
SEL2881,GEO16874
SEL2882,GEO100
SEL2883,GEO9005
SEL2884,GEO15300
SEL2885,GEO14448
SEL2886,GEO7137
SEL2887,GEO15117
SEL2888,GEO1374
SEL2889,GEO2211
SEL2890,GEO162
SEL2891,GEO3366
SEL2892,GEO1584
SEL2893,GEO14334
SEL2894,GEO1439
SEL2895,GEO8254
SEL2896,GEO163
SEL2897,GEO1290
SEL2898,GEO5085
SEL2899,GEO2702
SEL2900,GEO4338
SEL2901,GEO16571
SEL2902,GEO17926
SEL2903,GEO503
SEL2904,GEO1158
SEL2905,GEO5753
SEL2906,GEO2510
SEL2907,GEO17112
SEL2908,GEO3364
SEL2909,GEO4658
SEL2910,GEO4600
SEL2911,GEO17356
SEL2912,GEO3770
SEL2913,GEO6146
SEL2914,GEO4059
SEL2915,GEO545
SEL2916,GEO6546
SEL2917,GEO16878
SEL2918,GEO5308
SEL2919,GEO17399
SEL2920,GEO3768
SEL2921,GEO7582
SEL2922,GEO4080
SEL2923,GEO5905
SEL2924,GEO6397
SEL2925,GEO5469
SEL2926,GEO2140
SEL2927,GEO3500
SEL2928,GEO3655
SEL2929,GEO6025
SEL2930,GEO18324
SEL2931,GEO3344
SEL2932,GEO5232
SEL2933,GEO9287
SEL2934,GEO7770
SEL2935,GEO15229
SEL2936,GEO3368
SEL2937,GEO3903
SEL2938,GEO4047
SEL2939,GEO4274
SEL2940,GEO2471
SEL2941,GEO654
SEL2942,GEO3044
SEL2943,GEO17008
SEL2944,GEO4989
SEL2945,GEO7656
SEL2946,GEO6042
SEL2947,GEO1665
SEL2948,GEO14795
SEL2949,GEO3796
SEL2950,GEO5521
SEL2951,GEO17534
SEL2952,GEO16255
SEL2953,GEO7781
SEL2954,GEO3817
SEL2955,GEO6963
SEL2956,GEO6601
SEL2957,GEO6842
SEL2958,GEO5352
SEL2959,GEO6246
SEL2960,GEO026
SEL2961,GEO9022
SEL2962,GEO16782
SEL2963,GEO17082
SEL2964,GEO16874
SEL2965,GEO16786
SEL2966,GEO15370
SEL2967,GEO4943
SEL2968,GEO2294
SEL2969,GEO16301
SEL2970,GEO546
SEL2971,GEO5729
SEL2972,GEO16309
SEL2973,GEO17664
SEL2974,GEO026
SEL2975,GEO5236
SEL2976,GEO4920
SEL2977,GEO5463
SEL2978,GEO4178
SEL2979,GEO8156
SEL2980,GEO529
SEL2981,GEO8533
SEL2982,GEO5533
SEL2983,GEO8470
SEL2984,GEO2775
SEL2985,GEO4111
SEL2986,GEO5211
SEL2987,
SEL2988,GEO893
SEL2989,GEO6671
SEL2990,GEO8241
SEL2991,GEO2216
SEL2992,GEO8247
SEL2993,GEO6400
SEL2994,GEO17557
SEL2995,GEO9337
SEL2996,GEO4036
SEL2997,GEO5463
SEL2998,GEO4321
SEL2999,GEO1103
SEL3000,GEO1977
SEL3001,GEO977
SEL3002,GEO5907
SEL3003,GEO3235
SEL3004,GEO17362
SEL3005,GEO5249
SEL3006,GEO8591
SEL3007,GEO4035
SEL3008,GEO1610
SEL3009,GEO1204
SEL3010,GEO1283
SEL3011,GEO7944
SEL3012,GEO17684
SEL3013,GEO8894
SEL3014,GEO1477
SEL3015,GEO5380
SEL3016,GEO4640
SEL3017,GEO12933
SEL3018,GEO3959
SEL3019,GEO4711
SEL3020,GEO1906
SEL3021,GEO5172
SEL3022,GEO5136
SEL3023,GEO5174
SEL3024,GEO9451
SEL3025,GEO6390
SEL3026,GEO16609
SEL3027,GEO5301
SEL3028,GEO16984
SEL3029,
SEL3030,GEO11140
SEL3031,GEO17293
SEL3032,GEO4946
SEL3033,GEO17934
SEL3034,GEO1697
SEL3035,GEO17607
SEL3036,GEO6219
SEL3037,GEO8178
SEL3038,GEO7369
SEL3039,GEO6352
SEL3040,GEO9720
SEL3041,GEO18064
SEL3042,GEO4658
SEL3043,GEO4350
SEL3044,GEO17812
SEL3045,GEO5135
SEL3046,GEO14357
SEL3047,GEO10128
SEL3048,GEO6671
SEL3049,GEO17093
SEL3050,GEO1019
SEL3051,GEO14746
SEL3052,GEO7071
SEL3053,GEO15019
SEL3054,GEO948
SEL3055,GEO1381
SEL3056,GEO9364
SEL3057,GEO17554
SEL3058,GEO6820
SEL3059,GEO2274
SEL3060,GEO5273
SEL3061,GEO9540
SEL3062,GEO374
SEL3063,GEO4955
SEL3064,GEO8188
SEL3065,GEO16967
SEL3066,GEO16378
SEL3067,GEO2933
SEL3068,GEO6418
SEL3069,GEO5490
SEL3070,GEO5463
SEL3071,GEO892
SEL3072,GEO17582
SEL3073,GEO16876
SEL3074,GEO16344
SEL3075,GEO14985
SEL3076,GEO4906
SEL3077,GEO4176
SEL3078,GEO11481
SEL3079,GEO4921
SEL3080,GEO8206
SEL3081,GEO5431
SEL3082,GEO16862
SEL3083,GEO7110
SEL3084,GEO3412
SEL3085,GEO9017
SEL3086,GEO5148
SEL3087,GEO8746
SEL3088,GEO130
SEL3089,GEO2919
SEL3090,GEO2621
SEL3091,GEO17109
SEL3092,GEO17327
SEL3093,GEO2181
SEL3094,GEO18515
SEL3095,GEO4557
